DNS Host,Bytes
apresolve.spotify.com.,81
apresolve.spotify.com.,81
gae-dealer.spotify.com.,82
gae-dealer.spotify.com.,82
www.google.com.,74
www.google.com.,74
www.google.com.,74
www.google.com.,74
connectivitycheck.gstatic.com.,89
clients4.google.com.,79
www.google.com.,74
www.google.com.,74
connectivitycheck.gstatic.com.,89
www.google.com.,74
www.google.com.,74
connectivitycheck.gstatic.com.,89
clients3.google.com.,79
fcm.googleapis.com.,78
fcm.googleapis.com.,78
connectivitycheck.gstatic.com.,89
www.google.com.,74
www.google.com.,74
connectivitycheck.gstatic.com.,89
clients4.google.com.,79
www.google.com.,74
www.google.com.,74
connectivitycheck.gstatic.com.,89
clients4.google.com.,79
www.google.com.,74
www.google.com.,74
time.google.com.,75
time.google.com.,75
connectivitycheck.gstatic.com.,89
www.google.com.,74
www.google.com.,74
connectivitycheck.gstatic.com.,89
www.google.com.,74
www.google.com.,74
connectivitycheck.gstatic.com.,89
www.google.com.,74
www.google.com.,74
connectivitycheck.gstatic.com.,89
clients4.google.com.,79
www.google.com.,74
www.google.com.,74
connectivitycheck.gstatic.com.,89
www.google.com.,74
www.google.com.,74
connectivitycheck.gstatic.com.,89
www.google.com.,74
www.google.com.,74
connectivitycheck.gstatic.com.,89
www.google.com.,74
www.google.com.,74
connectivitycheck.gstatic.com.,89
www.google.com.,74
www.google.com.,74
connectivitycheck.gstatic.com.,89
clients4.google.com.,79
www.google.com.,74
www.google.com.,74
connectivitycheck.gstatic.com.,89
www.google.com.,74
www.google.com.,74
connectivitycheck.gstatic.com.,89
www.google.com.,74
www.google.com.,74
connectivitycheck.gstatic.com.,89
www.google.com.,74
www.google.com.,74
clients4.google.com.,79
play.googleapis.com.,79
play.googleapis.com.,79
www.google.com.,74
www.google.com.,74
connectivitycheck.gstatic.com.,89
www.google.com.,74
www.google.com.,74
connectivitycheck.gstatic.com.,89
connectivitycheck.gstatic.com.,89
clients4.google.com.,79
www.google.com.,74
www.google.com.,74
connectivitycheck.gstatic.com.,89
www.google.com.,74
www.google.com.,74
www.google.com.,74
www.google.com.,74
connectivitycheck.gstatic.com.,89
www.google.com.,74
www.google.com.,74
connectivitycheck.gstatic.com.,89
time.google.com.,75
time.google.com.,75
www.google.com.,74
www.google.com.,74
clients4.google.com.,79
www.google.com.,74
www.google.com.,74
connectivitycheck.gstatic.com.,89
www.google.com.,74
www.google.com.,74
connectivitycheck.gstatic.com.,89
www.google.com.,74
www.google.com.,74
connectivitycheck.gstatic.com.,89
www.google.com.,74
www.google.com.,74
connectivitycheck.gstatic.com.,89
clients4.google.com.,79
www.google.com.,74
www.google.com.,74
connectivitycheck.gstatic.com.,89
www.google.com.,74
www.google.com.,74
connectivitycheck.gstatic.com.,89
www.google.com.,74
www.google.com.,74
connectivitycheck.gstatic.com.,89
www.google.com.,74
www.google.com.,74
www.google.com.,74
www.google.com.,74
clients4.google.com.,79
www.google.com.,74
www.google.com.,74
connectivitycheck.gstatic.com.,89
time.google.com.,75
time.google.com.,75
www.google.com.,74
www.google.com.,74
connectivitycheck.gstatic.com.,89
connectivitycheck.gstatic.com.,89
www.google.com.,74
www.google.com.,74
connectivitycheck.gstatic.com.,89
www.google.com.,74
www.google.com.,74
connectivitycheck.gstatic.com.,89
www.google.com.,74
www.google.com.,74
connectivitycheck.gstatic.com.,89
clients4.google.com.,79
www.google.com.,74
www.google.com.,74
connectivitycheck.gstatic.com.,89
clients3.google.com.,79
fcm.googleapis.com.,78
fcm.googleapis.com.,78
www.google.com.,74
www.google.com.,74
connectivitycheck.gstatic.com.,89
www.google.com.,74
www.google.com.,74
connectivitycheck.gstatic.com.,89
connectivitycheck.gstatic.com.,89
www.google.com.,74
www.google.com.,74
connectivitycheck.gstatic.com.,89
clients4.google.com.,79
connectivitycheck.gstatic.com.,89
www.google.com.,74
www.google.com.,74
connectivitycheck.gstatic.com.,89
www.google.com.,74
www.google.com.,74
connectivitycheck.gstatic.com.,89
www.google.com.,74
www.google.com.,74
gae-spclient.spotify.com.,84
connectivitycheck.gstatic.com.,89
www.google.com.,74
www.google.com.,74
connectivitycheck.gstatic.com.,89
clients4.google.com.,79
www.google.com.,74
www.google.com.,74
connectivitycheck.gstatic.com.,89
www.google.com.,74
www.google.com.,74
connectivitycheck.gstatic.com.,89
www.google.com.,74
www.google.com.,74
connectivitycheck.gstatic.com.,89
www.google.com.,74
www.google.com.,74
connectivitycheck.gstatic.com.,89
www.google.com.,74
www.google.com.,74
connectivitycheck.gstatic.com.,89
clients4.google.com.,79
api-partner.spotify.com.,83
time.google.com.,75
time.google.com.,75
www.google.com.,74
www.google.com.,74
connectivitycheck.gstatic.com.,89
www.google.com.,74
www.google.com.,74
gae-spclient.spotify.com.,84
connectivitycheck.gstatic.com.,89
www.google.com.,74
www.google.com.,74
connectivitycheck.gstatic.com.,89
www.google.com.,74
www.google.com.,74
connectivitycheck.gstatic.com.,89
www.google.com.,74
www.google.com.,74
connectivitycheck.gstatic.com.,89
clients4.google.com.,79
www.google.com.,74
www.google.com.,74
connectivitycheck.gstatic.com.,89
www.google-analytics.com.,84
api-partner.spotify.com.,83
cast.scdn.co.,72
clients3.google.com.,79
www.gstatic.com.,75
browser.sentry-cdn.com.,82
www.google.com.,74
www.google.com.,74
connectivitycheck.gstatic.com.,89
www.google.com.,74
www.google.com.,74
connectivitycheck.gstatic.com.,89
www.google.com.,74
www.google.com.,74
connectivitycheck.gstatic.com.,89
clients4.google.com.,79
www.google.com.,74
www.google.com.,74
connectivitycheck.gstatic.com.,89
time.google.com.,75
time.google.com.,75
clients4.google.com.,79
connectivitycheck.gstatic.com.,89
www.google.com.,74
www.google.com.,74
connectivitycheck.gstatic.com.,89
www.google.com.,74
www.google.com.,74
